Workbook
Name Z_048AB57F_E1E1_41E9_9B99_92F1C4758322_.wvu.PrintArea: 記入例!$A$1:$J$52
Name Z_048AB57F_E1E1_41E9_9B99_92F1C4758322_.wvu.PrintArea: 原本_コピーして使用!$A$1:$J$52
Name Z_048AB57F_E1E1_41E9_9B99_92F1C4758322_.wvu.PrintArea: 作業報告書_4月度!$A$1:$J$52
Name Z_294445C2_7D40_44E5_AADD_F3485C826AA5_.wvu.PrintArea: 記入例!$A$1:$J$52
Name Z_294445C2_7D40_44E5_AADD_F3485C826AA5_.wvu.PrintArea: 原本_コピーして使用!$A$1:$J$52
Name Z_294445C2_7D40_44E5_AADD_F3485C826AA5_.wvu.PrintArea: 作業報告書_4月度!$A$1:$J$52
Name Z_54912BE1_3F15_4054_B1E9_40F514BC45C4_.wvu.PrintArea: 記入例!$A$1:$J$52
Name Z_54912BE1_3F15_4054_B1E9_40F514BC45C4_.wvu.PrintArea: 原本_コピーして使用!$A$1:$J$52
Name Z_54912BE1_3F15_4054_B1E9_40F514BC45C4_.wvu.PrintArea: 作業報告書_4月度!$A$1:$J$52
Name Z_57B64D90_376F_43C6_9ACE_ECF80F74D4A7_.wvu.PrintArea: 記入例!$A$1:$J$52
Name Z_57B64D90_376F_43C6_9ACE_ECF80F74D4A7_.wvu.PrintArea: 原本_コピーして使用!$A$1:$J$52
Name Z_57B64D90_376F_43C6_9ACE_ECF80F74D4A7_.wvu.PrintArea: 作業報告書_4月度!$A$1:$J$52
Name Z_5C2591B1_BBB1_4B22_AFE9_8CEDB703118D_.wvu.PrintArea: 記入例!$A$1:$J$52
Name Z_5C2591B1_BBB1_4B22_AFE9_8CEDB703118D_.wvu.PrintArea: 原本_コピーして使用!$A$1:$J$52
Name Z_5C2591B1_BBB1_4B22_AFE9_8CEDB703118D_.wvu.PrintArea: 作業報告書_4月度!$A$1:$J$52
Name Z_691297F4_F9DF_429F_ABA3_2A3C76D272F2_.wvu.PrintArea: 記入例!$A$1:$J$52
Name Z_691297F4_F9DF_429F_ABA3_2A3C76D272F2_.wvu.PrintArea: 原本_コピーして使用!$A$1:$J$52
Name Z_691297F4_F9DF_429F_ABA3_2A3C76D272F2_.wvu.PrintArea: 作業報告書_4月度!$A$1:$J$52
Name Z_88240138_76DD_4361_A3CB_47EAFCB84DB4_.wvu.PrintArea: 記入例!$A$1:$J$52
Name Z_88240138_76DD_4361_A3CB_47EAFCB84DB4_.wvu.PrintArea: 原本_コピーして使用!$A$1:$J$52
Name Z_88240138_76DD_4361_A3CB_47EAFCB84DB4_.wvu.PrintArea: 作業報告書_4月度!$A$1:$J$52
Name Z_9EF46FAE_E0C2_4DF7_AF5F_D8816540344F_.wvu.PrintArea: 記入例!$A$1:$J$52
Name Z_9EF46FAE_E0C2_4DF7_AF5F_D8816540344F_.wvu.PrintArea: 原本_コピーして使用!$A$1:$J$52
Name Z_9EF46FAE_E0C2_4DF7_AF5F_D8816540344F_.wvu.PrintArea: 作業報告書_4月度!$A$1:$J$52
Name Z_CB28E8C4_C2A5_4046_BDAC_2A3E8E88B286_.wvu.PrintArea: 記入例!$A$1:$J$52
Name Z_CB28E8C4_C2A5_4046_BDAC_2A3E8E88B286_.wvu.PrintArea: 原本_コピーして使用!$A$1:$J$52
Name Z_CB28E8C4_C2A5_4046_BDAC_2A3E8E88B286_.wvu.PrintArea: 作業報告書_4月度!$A$1:$J$52
Name Z_EB74BBFE_ECBA_4A3E_B663_A6CD143EF60A_.wvu.PrintArea: 記入例!$A$1:$J$52
Name Z_EB74BBFE_ECBA_4A3E_B663_A6CD143EF60A_.wvu.PrintArea: 原本_コピーして使用!$A$1:$J$52
Name Z_EB74BBFE_ECBA_4A3E_B663_A6CD143EF60A_.wvu.PrintArea: 作業報告書_4月度!$A$1:$J$52

Sheet 原本_コピーして使用
B1: 勤務表【提出用】
B2: 会社名：
B4: 氏名：
B6: 作業期間： | E6: 46113 | H6: ～ | I6: =DATE(YEAR($E6),MONTH($E6)+1,$N6) -> 46142 | M6: 締め日 | N6: 0
B8: 作業日 | E8: 開始 | G8: 終了 | I8: 作業時間 | J8: 作業内容（勤怠報告等）
B9: 月 | C9: 日 | D9: 曜 日 | E9: 時 | F9: 分 | G9: 時 | H9: 分 | M9: 休憩 | N9: 祭日
B10: =IF($C10="","",IF(OR($C10=$E$6,DAY($C10)=1),MONTH($C10),"")) -> 4 | C10: =IF($E$6+ROW()-ROW($10:$10)>$I$6,"",$E$6+ROW()-ROW($10:$10)) -> 46113 | D10: =$C10 -> 46113 | M10: 1 | N10: =IFERROR(VLOOKUP($C10,休日!$A:$B,2,FALSE),"")
B11: =IF($C11="","",IF(OR($C11=$E$6,DAY($C11)=1),MONTH($C11),"")) | C11: =IF($E$6+ROW()-ROW($10:$10)>$I$6,"",$E$6+ROW()-ROW($10:$10)) -> 46114 | D11: =$C11 -> 46114 | M11: 1 | N11: =IFERROR(VLOOKUP($C11,休日!$A:$B,2,FALSE),"")
B12: =IF($C12="","",IF(OR($C12=$E$6,DAY($C12)=1),MONTH($C12),"")) | C12: =IF($E$6+ROW()-ROW($10:$10)>$I$6,"",$E$6+ROW()-ROW($10:$10)) -> 46115 | D12: =$C12 -> 46115 | M12: 1 | N12: =IFERROR(VLOOKUP($C12,休日!$A:$B,2,FALSE),"")
B13: =IF($C13="","",IF(OR($C13=$E$6,DAY($C13)=1),MONTH($C13),"")) | C13: =IF($E$6+ROW()-ROW($10:$10)>$I$6,"",$E$6+ROW()-ROW($10:$10)) -> 46116 | D13: =$C13 -> 46116 | I13: =IF($G13="","",($G13+$H13/60)-($E13+$F13/60)-$M13) | M13: 1 | N13: =IFERROR(VLOOKUP($C13,休日!$A:$B,2,FALSE),"")
B14: =IF($C14="","",IF(OR($C14=$E$6,DAY($C14)=1),MONTH($C14),"")) | C14: =IF($E$6+ROW()-ROW($10:$10)>$I$6,"",$E$6+ROW()-ROW($10:$10)) -> 46117 | D14: =$C14 -> 46117 | I14: =IF($G14="","",($G14+$H14/60)-($E14+$F14/60)-$M14) | M14: 1 | N14: =IFERROR(VLOOKUP($C14,休日!$A:$B,2,FALSE),"")
B15: =IF($C15="","",IF(OR($C15=$E$6,DAY($C15)=1),MONTH($C15),"")) | C15: =IF($E$6+ROW()-ROW($10:$10)>$I$6,"",$E$6+ROW()-ROW($10:$10)) -> 46118 | D15: =$C15 -> 46118 | I15: =IF($G15="","",($G15+$H15/60)-($E15+$F15/60)-$M15) | M15: 1 | N15: =IFERROR(VLOOKUP($C15,休日!$A:$B,2,FALSE),"")
B16: =IF($C16="","",IF(OR($C16=$E$6,DAY($C16)=1),MONTH($C16),"")) | C16: =IF($E$6+ROW()-ROW($10:$10)>$I$6,"",$E$6+ROW()-ROW($10:$10)) -> 46119 | D16: =$C16 -> 46119 | I16: =IF($G16="","",($G16+$H16/60)-($E16+$F16/60)-$M16) | M16: 1 | N16: =IFERROR(VLOOKUP($C16,休日!$A:$B,2,FALSE),"")
B17: =IF($C17="","",IF(OR($C17=$E$6,DAY($C17)=1),MONTH($C17),"")) | C17: =IF($E$6+ROW()-ROW($10:$10)>$I$6,"",$E$6+ROW()-ROW($10:$10)) -> 46120 | D17: =$C17 -> 46120 | I17: =IF($G17="","",($G17+$H17/60)-($E17+$F17/60)-$M17) | M17: 1 | N17: =IFERROR(VLOOKUP($C17,休日!$A:$B,2,FALSE),"")
B18: =IF($C18="","",IF(OR($C18=$E$6,DAY($C18)=1),MONTH($C18),"")) | C18: =IF($E$6+ROW()-ROW($10:$10)>$I$6,"",$E$6+ROW()-ROW($10:$10)) -> 46121 | D18: =$C18 -> 46121 | I18: =IF($G18="","",($G18+$H18/60)-($E18+$F18/60)-$M18) | M18: 1 | N18: =IFERROR(VLOOKUP($C18,休日!$A:$B,2,FALSE),"")
B19: =IF($C19="","",IF(OR($C19=$E$6,DAY($C19)=1),MONTH($C19),"")) | C19: =IF($E$6+ROW()-ROW($10:$10)>$I$6,"",$E$6+ROW()-ROW($10:$10)) -> 46122 | D19: =$C19 -> 46122 | I19: =IF($G19="","",($G19+$H19/60)-($E19+$F19/60)-$M19) | M19: 1 | N19: =IFERROR(VLOOKUP($C19,休日!$A:$B,2,FALSE),"")
B20: =IF($C20="","",IF(OR($C20=$E$6,DAY($C20)=1),MONTH($C20),"")) | C20: =IF($E$6+ROW()-ROW($10:$10)>$I$6,"",$E$6+ROW()-ROW($10:$10)) -> 46123 | D20: =$C20 -> 46123 | I20: =IF($G20="","",($G20+$H20/60)-($E20+$F20/60)-$M20) | M20: 1 | N20: =IFERROR(VLOOKUP($C20,休日!$A:$B,2,FALSE),"")
B21: =IF($C21="","",IF(OR($C21=$E$6,DAY($C21)=1),MONTH($C21),"")) | C21: =IF($E$6+ROW()-ROW($10:$10)>$I$6,"",$E$6+ROW()-ROW($10:$10)) -> 46124 | D21: =$C21 -> 46124 | I21: =IF($G21="","",($G21+$H21/60)-($E21+$F21/60)-$M21) | M21: 1 | N21: =IFERROR(VLOOKUP($C21,休日!$A:$B,2,FALSE),"")
B22: =IF($C22="","",IF(OR($C22=$E$6,DAY($C22)=1),MONTH($C22),"")) | C22: =IF($E$6+ROW()-ROW($10:$10)>$I$6,"",$E$6+ROW()-ROW($10:$10)) -> 46125 | D22: =$C22 -> 46125 | I22: =IF($G22="","",($G22+$H22/60)-($E22+$F22/60)-$M22) | M22: 1 | N22: =IFERROR(VLOOKUP($C22,休日!$A:$B,2,FALSE),"")
B23: =IF($C23="","",IF(OR($C23=$E$6,DAY($C23)=1),MONTH($C23),"")) | C23: =IF($E$6+ROW()-ROW($10:$10)>$I$6,"",$E$6+ROW()-ROW($10:$10)) -> 46126 | D23: =$C23 -> 46126 | I23: =IF($G23="","",($G23+$H23/60)-($E23+$F23/60)-$M23) | M23: 1 | N23: =IFERROR(VLOOKUP($C23,休日!$A:$B,2,FALSE),"")
B24: =IF($C24="","",IF(OR($C24=$E$6,DAY($C24)=1),MONTH($C24),"")) | C24: =IF($E$6+ROW()-ROW($10:$10)>$I$6,"",$E$6+ROW()-ROW($10:$10)) -> 46127 | D24: =$C24 -> 46127 | I24: =IF($G24="","",($G24+$H24/60)-($E24+$F24/60)-$M24) | M24: 1 | N24: =IFERROR(VLOOKUP($C24,休日!$A:$B,2,FALSE),"")
... B50: =IF($C50="","",IF(OR($C50=$E$6,DAY($C50)=1),MONTH($C50),"")) | C50: =IF($E$6+ROW()-ROW($10:$10)>$I$6,"",$E$6+ROW()-ROW($10:$10)) | D50: =$C50 | I50: =IF($G50="","",($G50+$H50/60)-($E50+$F50/60)-$M50) | M50: 1 | N50: =IFERROR(VLOOKUP($C50,休日!$A:$B,2,FALSE),"")
B51: 合計 | I51: =SUM(I10:I50) -> 0

Sheet 記入例
B1: 勤務表【提出用】 ★重要★ 提出時はPDFにして勤務表のみを送付
B2: 会社名： | E2: 空欄でお願いします。 | J2: 日付をyyyy/mm/dd形式で入力してください
B4: 氏名： | E4: フルネーム
B6: 作業期間： | E6: 46082 | H6: ～ | I6: =DATE(YEAR($E6),MONTH($E6)+1,$N6) -> 46112 | J6: 「分」の欄は"00"か"30"で記入してください | M6: 締め日 | N6: 0
J7: ※清算単位が「30分/日」のため
B8: 作業日 | E8: 開始 | G8: 終了 | I8: 作業時間 | J8: 作業内容（勤怠報告等）
B9: 月 | C9: 日 | D9: 曜 日 | E9: 時 | F9: 分 | G9: 時 | H9: 分 | M9: 休憩 | N9: 祭日
B10: =IF($C10="","",IF(OR($C10=$E$6,DAY($C10)=1),MONTH($C10),"")) -> 3 | C10: =IF($E$6+ROW()-ROW($10:$10)>$I$6,"",$E$6+ROW()-ROW($10:$10)) -> 46082 | D10: =$C10 -> 46082 | I10: =IF($G10="","",($G10+$H10/60)-($E10+$F10/60)-$M10) | M10: 1 | N10: =IFERROR(VLOOKUP($C10,休日!$A:$B,2,FALSE),"")
B11: =IF($C11="","",IF(OR($C11=$E$6,DAY($C11)=1),MONTH($C11),"")) | C11: =IF($E$6+ROW()-ROW($10:$10)>$I$6,"",$E$6+ROW()-ROW($10:$10)) -> 46083 | D11: =$C11 -> 46083 | E11: 10 | F11: 00 | G11: 19 | H11: 00 | I11: =IF($G11="","",($G11+$H11/60)-($E11+$F11/60)-$M11) -> 8 | J11: 入場 | M11: 1 | N11: =IFERROR(VLOOKUP($C11,休日!$A:$B,2,FALSE),"")
B12: =IF($C12="","",IF(OR($C12=$E$6,DAY($C12)=1),MONTH($C12),"")) | C12: =IF($E$6+ROW()-ROW($10:$10)>$I$6,"",$E$6+ROW()-ROW($10:$10)) -> 46084 | D12: =$C12 -> 46084 | E12: 10 | F12: 00 | G12: 19 | H12: 30 | I12: =IF($G12="","",($G12+$H12/60)-($E12+$F12/60)-$M12) -> 8.5 | J12: 在宅（PC設定/OJT等） | M12: 1 | N12: =IFERROR(VLOOKUP($C12,休日!$A:$B,2,FALSE),"")
B13: =IF($C13="","",IF(OR($C13=$E$6,DAY($C13)=1),MONTH($C13),"")) | C13: =IF($E$6+ROW()-ROW($10:$10)>$I$6,"",$E$6+ROW()-ROW($10:$10)) -> 46085 | D13: =$C13 -> 46085 | I13: =IF($G13="","",($G13+$H13/60)-($E13+$F13/60)-$M13) | J13: 体調不良 | M13: 1 | N13: =IFERROR(VLOOKUP($C13,休日!$A:$B,2,FALSE),"")
B14: =IF($C14="","",IF(OR($C14=$E$6,DAY($C14)=1),MONTH($C14),"")) | C14: =IF($E$6+ROW()-ROW($10:$10)>$I$6,"",$E$6+ROW()-ROW($10:$10)) -> 46086 | D14: =$C14 -> 46086 | E14: 10 | F14: 30 | G14: 19 | H14: 00 | I14: =IF($G14="","",($G14+$H14/60)-($E14+$F14/60)-$M14) -> 7.5 | J14: 電車遅延による遅刻（定常業務） | M14: 1 | N14: =IFERROR(VLOOKUP($C14,休日!$A:$B,2,FALSE),"")
B15: =IF($C15="","",IF(OR($C15=$E$6,DAY($C15)=1),MONTH($C15),"")) | C15: =IF($E$6+ROW()-ROW($10:$10)>$I$6,"",$E$6+ROW()-ROW($10:$10)) -> 46087 | D15: =$C15 -> 46087 | I15: =IF($G15="","",($G15+$H15/60)-($E15+$F15/60)-$M15) | J15: 有給（予定休） | M15: 1 | N15: =IFERROR(VLOOKUP($C15,休日!$A:$B,2,FALSE),"")
B16: =IF($C16="","",IF(OR($C16=$E$6,DAY($C16)=1),MONTH($C16),"")) | C16: =IF($E$6+ROW()-ROW($10:$10)>$I$6,"",$E$6+ROW()-ROW($10:$10)) -> 46088 | D16: =$C16 -> 46088 | I16: =IF($G16="","",($G16+$H16/60)-($E16+$F16/60)-$M16) | M16: 1 | N16: =IFERROR(VLOOKUP($C16,休日!$A:$B,2,FALSE),"")
B17: =IF($C17="","",IF(OR($C17=$E$6,DAY($C17)=1),MONTH($C17),"")) | C17: =IF($E$6+ROW()-ROW($10:$10)>$I$6,"",$E$6+ROW()-ROW($10:$10)) -> 46089 | D17: =$C17 -> 46089 | I17: =IF($G17="","",($G17+$H17/60)-($E17+$F17/60)-$M17) | J17: 大まかな当日の業務内容や欠勤時の理由を記載 | M17: 1 | N17: =IFERROR(VLOOKUP($C17,休日!$A:$B,2,FALSE),"")
B18: =IF($C18="","",IF(OR($C18=$E$6,DAY($C18)=1),MONTH($C18),"")) | C18: =IF($E$6+ROW()-ROW($10:$10)>$I$6,"",$E$6+ROW()-ROW($10:$10)) -> 46090 | D18: =$C18 -> 46090 | I18: =IF($G18="","",($G18+$H18/60)-($E18+$F18/60)-$M18) | M18: 1 | N18: =IFERROR(VLOOKUP($C18,休日!$A:$B,2,FALSE),"")
B19: =IF($C19="","",IF(OR($C19=$E$6,DAY($C19)=1),MONTH($C19),"")) | C19: =IF($E$6+ROW()-ROW($10:$10)>$I$6,"",$E$6+ROW()-ROW($10:$10)) -> 46091 | D19: =$C19 -> 46091 | I19: =IF($G19="","",($G19+$H19/60)-($E19+$F19/60)-$M19) | M19: 1 | N19: =IFERROR(VLOOKUP($C19,休日!$A:$B,2,FALSE),"")
B20: =IF($C20="","",IF(OR($C20=$E$6,DAY($C20)=1),MONTH($C20),"")) | C20: =IF($E$6+ROW()-ROW($10:$10)>$I$6,"",$E$6+ROW()-ROW($10:$10)) -> 46092 | D20: =$C20 -> 46092 | I20: =IF($G20="","",($G20+$H20/60)-($E20+$F20/60)-$M20) | M20: 1 | N20: =IFERROR(VLOOKUP($C20,休日!$A:$B,2,FALSE),"")
B21: =IF($C21="","",IF(OR($C21=$E$6,DAY($C21)=1),MONTH($C21),"")) | C21: =IF($E$6+ROW()-ROW($10:$10)>$I$6,"",$E$6+ROW()-ROW($10:$10)) -> 46093 | D21: =$C21 -> 46093 | I21: =IF($G21="","",($G21+$H21/60)-($E21+$F21/60)-$M21) | M21: 1 | N21: =IFERROR(VLOOKUP($C21,休日!$A:$B,2,FALSE),"")
B22: =IF($C22="","",IF(OR($C22=$E$6,DAY($C22)=1),MONTH($C22),"")) | C22: =IF($E$6+ROW()-ROW($10:$10)>$I$6,"",$E$6+ROW()-ROW($10:$10)) -> 46094 | D22: =$C22 -> 46094 | I22: =IF($G22="","",($G22+$H22/60)-($E22+$F22/60)-$M22) | M22: 1 | N22: =IFERROR(VLOOKUP($C22,休日!$A:$B,2,FALSE),"")
B23: =IF($C23="","",IF(OR($C23=$E$6,DAY($C23)=1),MONTH($C23),"")) | C23: =IF($E$6+ROW()-ROW($10:$10)>$I$6,"",$E$6+ROW()-ROW($10:$10)) -> 46095 | D23: =$C23 -> 46095 | I23: =IF($G23="","",($G23+$H23/60)-($E23+$F23/60)-$M23) | M23: 1 | N23: =IFERROR(VLOOKUP($C23,休日!$A:$B,2,FALSE),"")
B24: =IF($C24="","",IF(OR($C24=$E$6,DAY($C24)=1),MONTH($C24),"")) | C24: =IF($E$6+ROW()-ROW($10:$10)>$I$6,"",$E$6+ROW()-ROW($10:$10)) -> 46096 | D24: =$C24 -> 46096 | I24: =IF($G24="","",($G24+$H24/60)-($E24+$F24/60)-$M24) | M24: 1 | N24: =IFERROR(VLOOKUP($C24,休日!$A:$B,2,FALSE),"")
B25: =IF($C25="","",IF(OR($C25=$E$6,DAY($C25)=1),MONTH($C25),"")) | C25: =IF($E$6+ROW()-ROW($10:$10)>$I$6,"",$E$6+ROW()-ROW($10:$10)) -> 46097 | D25: =$C25 -> 46097 | I25: =IF($G25="","",($G25+$H25/60)-($E25+$F25/60)-$M25) | M25: 1 | N25: =IFERROR(VLOOKUP($C25,休日!$A:$B,2,FALSE),"")
B26: =IF($C26="","",IF(OR($C26=$E$6,DAY($C26)=1),MONTH($C26),"")) | C26: =IF($E$6+ROW()-ROW($10:$10)>$I$6,"",$E$6+ROW()-ROW($10:$10)) -> 46098 | D26: =$C26 -> 46098 | I26: =IF($G26="","",($G26+$H26/60)-($E26+$F26/60)-$M26) | M26: 1 | N26: =IFERROR(VLOOKUP($C26,休日!$A:$B,2,FALSE),"")
B27: =IF($C27="","",IF(OR($C27=$E$6,DAY($C27)=1),MONTH($C27),"")) | C27: =IF($E$6+ROW()-ROW($10:$10)>$I$6,"",$E$6+ROW()-ROW($10:$10)) -> 46099 | D27: =$C27 -> 46099 | I27: =IF($G27="","",($G27+$H27/60)-($E27+$F27/60)-$M27) | M27: 1 | N27: =IFERROR(VLOOKUP($C27,休日!$A:$B,2,FALSE),"")
B28: =IF($C28="","",IF(OR($C28=$E$6,DAY($C28)=1),MONTH($C28),"")) | C28: =IF($E$6+ROW()-ROW($10:$10)>$I$6,"",$E$6+ROW()-ROW($10:$10)) -> 46100 | D28: =$C28 -> 46100 | I28: =IF($G28="","",($G28+$H28/60)-($E28+$F28/60)-$M28) | M28: 1 | N28: =IFERROR(VLOOKUP($C28,休日!$A:$B,2,FALSE),"")
B29: =IF($C29="","",IF(OR($C29=$E$6,DAY($C29)=1),MONTH($C29),"")) | C29: =IF($E$6+ROW()-ROW($10:$10)>$I$6,"",$E$6+ROW()-ROW($10:$10)) -> 46101 | D29: =$C29 -> 46101 | I29: =IF($G29="","",($G29+$H29/60)-($E29+$F29/60)-$M29) | M29: 1 | N29: =IFERROR(VLOOKUP($C29,休日!$A:$B,2,FALSE),"")
... B50: =IF($C50="","",IF(OR($C50=$E$6,DAY($C50)=1),MONTH($C50),"")) | C50: =IF($E$6+ROW()-ROW($10:$10)>$I$6,"",$E$6+ROW()-ROW($10:$10)) | D50: =$C50 | I50: =IF($G50="","",($G50+$H50/60)-($E50+$F50/60)-$M50) | M50: 1 | N50: =IFERROR(VLOOKUP($C50,休日!$A:$B,2,FALSE),"")
B51: 合計 | I51: =SUM(I10:I50) -> 24

Sheet 作業報告書_4月度
B1: 勤務表【提出用】
B2: 会社名：
B4: 氏名：
B6: 作業期間： | E6: 46113 | H6: ～ | I6: =DATE(YEAR($E6),MONTH($E6)+1,$N6) -> 46142 | M6: 締め日 | N6: 0
B8: 作業日 | E8: 開始 | G8: 終了 | I8: 作業時間 | J8: 作業内容（勤怠報告等）
B9: 月 | C9: 日 | D9: 曜 日 | E9: 時 | F9: 分 | G9: 時 | H9: 分 | M9: 休憩 | N9: 祭日
B10: =IF($C10="","",IF(OR($C10=$E$6,DAY($C10)=1),MONTH($C10),"")) -> 4 | C10: =IF($E$6+ROW()-ROW($10:$10)>$I$6,"",$E$6+ROW()-ROW($10:$10)) -> 46113 | D10: =$C10 -> 46113 | M10: 1 | N10: =IFERROR(VLOOKUP($C10,休日!$A:$B,2,FALSE),"")
B11: =IF($C11="","",IF(OR($C11=$E$6,DAY($C11)=1),MONTH($C11),"")) | C11: =IF($E$6+ROW()-ROW($10:$10)>$I$6,"",$E$6+ROW()-ROW($10:$10)) -> 46114 | D11: =$C11 -> 46114 | M11: 1 | N11: =IFERROR(VLOOKUP($C11,休日!$A:$B,2,FALSE),"")
B12: =IF($C12="","",IF(OR($C12=$E$6,DAY($C12)=1),MONTH($C12),"")) | C12: =IF($E$6+ROW()-ROW($10:$10)>$I$6,"",$E$6+ROW()-ROW($10:$10)) -> 46115 | D12: =$C12 -> 46115 | M12: 1 | N12: =IFERROR(VLOOKUP($C12,休日!$A:$B,2,FALSE),"")
B13: =IF($C13="","",IF(OR($C13=$E$6,DAY($C13)=1),MONTH($C13),"")) | C13: =IF($E$6+ROW()-ROW($10:$10)>$I$6,"",$E$6+ROW()-ROW($10:$10)) -> 46116 | D13: =$C13 -> 46116 | I13: =IF($G13="","",($G13+$H13/60)-($E13+$F13/60)-$M13) | M13: 1 | N13: =IFERROR(VLOOKUP($C13,休日!$A:$B,2,FALSE),"")
B14: =IF($C14="","",IF(OR($C14=$E$6,DAY($C14)=1),MONTH($C14),"")) | C14: =IF($E$6+ROW()-ROW($10:$10)>$I$6,"",$E$6+ROW()-ROW($10:$10)) -> 46117 | D14: =$C14 -> 46117 | I14: =IF($G14="","",($G14+$H14/60)-($E14+$F14/60)-$M14) | M14: 1 | N14: =IFERROR(VLOOKUP($C14,休日!$A:$B,2,FALSE),"")
B15: =IF($C15="","",IF(OR($C15=$E$6,DAY($C15)=1),MONTH($C15),"")) | C15: =IF($E$6+ROW()-ROW($10:$10)>$I$6,"",$E$6+ROW()-ROW($10:$10)) -> 46118 | D15: =$C15 -> 46118 | I15: =IF($G15="","",($G15+$H15/60)-($E15+$F15/60)-$M15) | M15: 1 | N15: =IFERROR(VLOOKUP($C15,休日!$A:$B,2,FALSE),"")
B16: =IF($C16="","",IF(OR($C16=$E$6,DAY($C16)=1),MONTH($C16),"")) | C16: =IF($E$6+ROW()-ROW($10:$10)>$I$6,"",$E$6+ROW()-ROW($10:$10)) -> 46119 | D16: =$C16 -> 46119 | I16: =IF($G16="","",($G16+$H16/60)-($E16+$F16/60)-$M16) | M16: 1 | N16: =IFERROR(VLOOKUP($C16,休日!$A:$B,2,FALSE),"")
B17: =IF($C17="","",IF(OR($C17=$E$6,DAY($C17)=1),MONTH($C17),"")) | C17: =IF($E$6+ROW()-ROW($10:$10)>$I$6,"",$E$6+ROW()-ROW($10:$10)) -> 46120 | D17: =$C17 -> 46120 | I17: =IF($G17="","",($G17+$H17/60)-($E17+$F17/60)-$M17) | M17: 1 | N17: =IFERROR(VLOOKUP($C17,休日!$A:$B,2,FALSE),"")
B18: =IF($C18="","",IF(OR($C18=$E$6,DAY($C18)=1),MONTH($C18),"")) | C18: =IF($E$6+ROW()-ROW($10:$10)>$I$6,"",$E$6+ROW()-ROW($10:$10)) -> 46121 | D18: =$C18 -> 46121 | I18: =IF($G18="","",($G18+$H18/60)-($E18+$F18/60)-$M18) | M18: 1 | N18: =IFERROR(VLOOKUP($C18,休日!$A:$B,2,FALSE),"")
B19: =IF($C19="","",IF(OR($C19=$E$6,DAY($C19)=1),MONTH($C19),"")) | C19: =IF($E$6+ROW()-ROW($10:$10)>$I$6,"",$E$6+ROW()-ROW($10:$10)) -> 46122 | D19: =$C19 -> 46122 | I19: =IF($G19="","",($G19+$H19/60)-($E19+$F19/60)-$M19) | M19: 1 | N19: =IFERROR(VLOOKUP($C19,休日!$A:$B,2,FALSE),"")
B20: =IF($C20="","",IF(OR($C20=$E$6,DAY($C20)=1),MONTH($C20),"")) | C20: =IF($E$6+ROW()-ROW($10:$10)>$I$6,"",$E$6+ROW()-ROW($10:$10)) -> 46123 | D20: =$C20 -> 46123 | I20: =IF($G20="","",($G20+$H20/60)-($E20+$F20/60)-$M20) | M20: 1 | N20: =IFERROR(VLOOKUP($C20,休日!$A:$B,2,FALSE),"")
B21: =IF($C21="","",IF(OR($C21=$E$6,DAY($C21)=1),MONTH($C21),"")) | C21: =IF($E$6+ROW()-ROW($10:$10)>$I$6,"",$E$6+ROW()-ROW($10:$10)) -> 46124 | D21: =$C21 -> 46124 | I21: =IF($G21="","",($G21+$H21/60)-($E21+$F21/60)-$M21) | M21: 1 | N21: =IFERROR(VLOOKUP($C21,休日!$A:$B,2,FALSE),"")
B22: =IF($C22="","",IF(OR($C22=$E$6,DAY($C22)=1),MONTH($C22),"")) | C22: =IF($E$6+ROW()-ROW($10:$10)>$I$6,"",$E$6+ROW()-ROW($10:$10)) -> 46125 | D22: =$C22 -> 46125 | I22: =IF($G22="","",($G22+$H22/60)-($E22+$F22/60)-$M22) | M22: 1 | N22: =IFERROR(VLOOKUP($C22,休日!$A:$B,2,FALSE),"")
B23: =IF($C23="","",IF(OR($C23=$E$6,DAY($C23)=1),MONTH($C23),"")) | C23: =IF($E$6+ROW()-ROW($10:$10)>$I$6,"",$E$6+ROW()-ROW($10:$10)) -> 46126 | D23: =$C23 -> 46126 | I23: =IF($G23="","",($G23+$H23/60)-($E23+$F23/60)-$M23) | M23: 1 | N23: =IFERROR(VLOOKUP($C23,休日!$A:$B,2,FALSE),"")
B24: =IF($C24="","",IF(OR($C24=$E$6,DAY($C24)=1),MONTH($C24),"")) | C24: =IF($E$6+ROW()-ROW($10:$10)>$I$6,"",$E$6+ROW()-ROW($10:$10)) -> 46127 | D24: =$C24 -> 46127 | I24: =IF($G24="","",($G24+$H24/60)-($E24+$F24/60)-$M24) | M24: 1 | N24: =IFERROR(VLOOKUP($C24,休日!$A:$B,2,FALSE),"")
... B50: =IF($C50="","",IF(OR($C50=$E$6,DAY($C50)=1),MONTH($C50),"")) | C50: =IF($E$6+ROW()-ROW($10:$10)>$I$6,"",$E$6+ROW()-ROW($10:$10)) | D50: =$C50 | I50: =IF($G50="","",($G50+$H50/60)-($E50+$F50/60)-$M50) | M50: 1 | N50: =IFERROR(VLOOKUP($C50,休日!$A:$B,2,FALSE),"")
B51: 合計 | I51: =SUM(I10:I50) -> 0

Sheet 休日
